song_id,title,artist,genre,mood
song_0001,Region speak,David Nguyen,Pop,Happy
song_0002,Training hand,Raymond Skinner,Jazz,Sad
song_0003,Establish fast change,Amy Neal,Rock,Sad
song_0004,Side,Jennifer Barnes,Pop,Happy
song_0005,After door candidate daughter,Alexa Smith,Classical,Chill
song_0006,Show,Monique Carpenter,Pop,Happy
song_0007,Season within throw,Christopher Fisher,Pop,Sad
song_0008,Natural away everything,Ashley Garcia,Rock,Happy
song_0009,Policy husband,Dustin Silva,Classical,Sad
song_0010,Provide arm,Monica Baldwin,Classical,Chill
song_0011,Become trip,Stephanie Dudley,Rock,Chill
song_0012,Information outside,Margaret Larson,Classical,Energetic
song_0013,Past either cup,Julia Butler,Pop,Sad
song_0014,Data change professional,Wayne Park,Hip-Hop,Energetic
song_0015,Range house,Richard Burnett,Jazz,Sad
song_0016,Light alone,Jessica Gomez,Rock,Energetic
song_0017,Main wonder,David Davenport,Pop,Happy
song_0018,Quality speak certainly,Eric Hurley,Hip-Hop,Happy
song_0019,Foreign future recent hospital,Jennifer Brown,Jazz,Energetic
song_0020,Land right,Terry Wilson,Classical,Energetic
song_0021,Ground score dinner,Franklin Lynch,Pop,Chill
song_0022,About family,Jennifer Marshall,Classical,Happy
song_0023,Some figure,Susan Wagner,Hip-Hop,Happy
song_0024,Call,Martha Harris,Classical,Energetic
song_0025,Break nor ground,Michael Beasley,Classical,Energetic
song_0026,Soon coach receive action,Karla Johnson,Classical,Sad
song_0027,Expert camera,Matthew Reed,Pop,Happy
song_0028,Write perform husband,Donald Cooper,Rock,Energetic
song_0029,Perhaps public course type,Kimberly Velez,Pop,Sad
song_0030,Pick,Seth Sanford,Pop,Chill
song_0031,Manager almost,Alan Cooper,Jazz,Chill
song_0032,Your scientist,James Butler,Jazz,Sad
song_0033,Plan return,Dylan Thomas,Jazz,Energetic
song_0034,Citizen card,Monique Elliott,Rock,Energetic
song_0035,Long understand big,Jennifer Shaffer,Pop,Sad
song_0036,Reduce various society,Jennifer Clayton,Classical,Sad
song_0037,Wife wind write,Adam Lewis,Rock,Chill
song_0038,Instead it present,Anthony Howard,Hip-Hop,Energetic
song_0039,Issue financial after,Yvonne Green,Classical,Sad
song_0040,Professor house,Michael Wright,Jazz,Happy
song_0041,Miss walk,Ebony Perez,Rock,Happy
song_0042,Child value,Kathleen Li,Jazz,Chill
song_0043,Recently use,Anthony Myers,Jazz,Happy
song_0044,Thank method,Rebecca Thompson,Rock,Energetic
song_0045,Break air wide,Luis Barr,Rock,Chill
song_0046,Improve find,Jordan Peterson,Hip-Hop,Chill
song_0047,Window tough,Benjamin Lee,Rock,Energetic
song_0048,Learn break Democrat might,Monica Wilson,Rock,Sad
song_0049,Policy approach,Jeremy Green,Classical,Energetic
song_0050,How night,Robert Mills,Classical,Chill
song_0051,Company across,Mark Jensen,Classical,Chill
song_0052,Choice site general center,Courtney Harris,Jazz,Sad
song_0053,Sort,Doris Scott,Rock,Chill
song_0054,Employee professor citizen,Taylor Petersen,Pop,Happy
song_0055,All conference,Jeffrey Stone,Pop,Sad
song_0056,Situation exactly young,Benjamin Villanueva,Rock,Chill
song_0057,Make woman state,Laura Savage,Classical,Happy
song_0058,Tend seem,Natasha Davis,Hip-Hop,Chill
song_0059,Fall,Jennifer May,Classical,Chill
song_0060,Anything agreement by,Frank Johnson,Classical,Energetic
song_0061,Attack player our,Robert Hill,Classical,Happy
song_0062,Nation measure,Stephanie Lee,Pop,Energetic
song_0063,Plant,Sheila Duran,Jazz,Happy
song_0064,Money use budget,Aaron Schaefer,Jazz,Chill
song_0065,With pattern so,Elizabeth Harrison,Rock,Chill
song_0066,Collection whom focus,Maria Cardenas,Pop,Energetic
song_0067,Help fine national,Amanda House,Classical,Sad
song_0068,Audience data property,Alan Coffey,Classical,Happy
song_0069,Statement purpose,Brittany Nguyen,Jazz,Sad
song_0070,International consider,Nicole Kelley,Rock,Energetic
song_0071,Already born important,Ann Williams,Rock,Happy
song_0072,Trouble argue,Sherri Moore,Classical,Energetic
song_0073,Capital other,Shane Rodriguez,Hip-Hop,Happy
song_0074,Finish easy threat,William Smith,Pop,Energetic
song_0075,Executive check,William Martinez,Jazz,Sad
song_0076,Up heart air,Brian Bowman,Pop,Sad
song_0077,Night easy,Elizabeth Thomas,Classical,Happy
song_0078,Give property,Rebecca Medina,Pop,Chill
song_0079,Media environmental force benefit,Benjamin Schmidt,Pop,Sad
song_0080,Learn drive,Matthew Ortiz,Rock,Chill
song_0081,Think agreement,Sherry Lara,Classical,Sad
song_0082,Evidence learn,David Dickerson,Jazz,Chill
song_0083,Approach ready,Patrick Rice,Rock,Sad
song_0084,Million whose hold,Larry Copeland,Jazz,Chill
song_0085,Offer,Donald Thompson,Jazz,Chill
song_0086,Themselves your,Sheri Martinez,Classical,Chill
song_0087,Near respond on,Kathy Olsen,Pop,Sad
song_0088,Sing many edge,Eric Carter,Rock,Happy
song_0089,Toward southern,Juan Johnson,Jazz,Happy
song_0090,Rise then his,Emily Mitchell,Classical,Sad
song_0091,Wife Congress,Stacey Edwards MD,Classical,Sad
song_0092,Month man,Patrick Martinez,Pop,Happy
song_0093,Sit source trouble,Austin Ward,Pop,Sad
song_0094,Congress onto perform,Jeffery Jacobs,Pop,Happy
song_0095,Five her,David Rivera,Jazz,Happy
song_0096,Piece suffer,Eric Walter,Classical,Sad
song_0097,Instead meeting development,Timothy Collier,Jazz,Chill
song_0098,Effort company,Jonathan Moreno,Rock,Sad
song_0099,By per,Patricia Nunez,Classical,Chill
song_0100,Expert ok act,Jennifer Campos,Rock,Chill
song_0101,Recognize development time,Shelby Trujillo,Hip-Hop,Sad
song_0102,Vote born,Charles Vazquez,Pop,Happy
song_0103,Everything create,Jeffrey Wallace MD,Hip-Hop,Energetic
song_0104,Realize similar only season,Erin Newman,Hip-Hop,Chill
song_0105,Space TV skill,Tiffany Myers,Hip-Hop,Happy
song_0106,Current peace ask,Erica Hernandez,Pop,Happy
song_0107,Attorney her sing,Kelly Sims,Hip-Hop,Energetic
song_0108,Serve quite everybody,Cynthia Contreras,Pop,Sad
song_0109,Artist name,Lori Walsh,Rock,Sad
song_0110,Day figure consider,Nicholas Ramsey,Classical,Chill
song_0111,Hit red,Anthony Cohen,Rock,Chill
song_0112,Ever behind senior,Ryan Jennings,Rock,Energetic
song_0113,Magazine throughout visit,Jacqueline Brewer,Hip-Hop,Sad
song_0114,Deal although,Laura Hammond,Pop,Chill
song_0115,Market local us,Eric Brown,Classical,Happy
song_0116,Road recognize,Veronica Webb,Pop,Happy
song_0117,Goal get,James Olsen,Pop,Sad
song_0118,Police people,Michael Wagner,Rock,Chill
song_0119,Help require,Brent Hall,Hip-Hop,Chill
song_0120,Star guy sell,Rachel Porter,Rock,Chill
song_0121,Fly although,Stephanie Lang,Pop,Sad
song_0122,Politics course,April Macias,Hip-Hop,Happy
song_0123,She memory computer,Jason Rodriguez,Hip-Hop,Energetic
song_0124,Subject shoulder,Robert Smith,Hip-Hop,Energetic
song_0125,Free send cold,Christina Jackson,Hip-Hop,Chill
song_0126,Thought voice I,Jennifer Mueller,Rock,Sad
song_0127,Upon them remain final,Adrian Jackson,Jazz,Sad
song_0128,Investment section,Joshua Bowers,Pop,Happy
song_0129,Best kind remember,Elijah Thomas,Jazz,Happy
song_0130,Son campaign,Monique Hansen,Pop,Chill
song_0131,Most feeling me,Lisa Schmitt,Classical,Sad
song_0132,Decide dream fear,Cassidy Watts,Pop,Happy
song_0133,Vote special,Travis Gregory,Rock,Happy
song_0134,Member,Jessica White,Classical,Happy
song_0135,Sister hot,Heather Smith,Rock,Chill
song_0136,Weight cost,Madeline Ramirez,Pop,Sad
song_0137,Kitchen church case,Monica Wheeler,Classical,Happy
song_0138,Make,Joshua Thomas,Classical,Happy
song_0139,Truth before,Jeffrey Ryan,Hip-Hop,Energetic
song_0140,Above career cover rate,Daniel Williams,Jazz,Sad
song_0141,Through as trouble,Cameron Jones,Jazz,Sad
song_0142,Source relationship,Ms. Amanda Simmons,Jazz,Chill
song_0143,Southern reduce agree,Donald Smith,Rock,Energetic
song_0144,Card wonder,Kathy Long,Hip-Hop,Energetic
song_0145,Or feel reason,Laurie Martin,Pop,Happy
song_0146,Life another read,Stacey Cobb,Hip-Hop,Happy
song_0147,Wonder week strategy,Amy Orozco PhD,Pop,Sad
song_0148,Night short,Linda Miller,Classical,Energetic
song_0149,Protect,Dustin Sparks,Rock,Energetic
song_0150,Building manage,Ryan Miller,Pop,Sad
song_0151,Eat case first,Sheri Mason,Jazz,Energetic
song_0152,Tell,Mark Lewis,Rock,Chill
song_0153,Effect chance,Katelyn Lopez,Classical,Energetic
song_0154,Rule plan,Peter Graves,Classical,Happy
song_0155,Gas author film herself,Kara Jackson,Classical,Energetic
song_0156,Tell effort,Heather Payne,Pop,Sad
song_0157,Understand space,Sara Cole,Jazz,Happy
song_0158,Save color,Walter Weaver,Pop,Sad
song_0159,Son piece involve,Shannon Leblanc,Jazz,Energetic
song_0160,Herself American picture,Kellie Parker,Classical,Sad
song_0161,Direction already,Amanda Peters,Jazz,Sad
song_0162,Toward idea important,Lori Quinn,Jazz,Chill
song_0163,Travel green Democrat history,Penny Cruz,Jazz,Happy
song_0164,Whatever,Michael Johnson,Pop,Chill
song_0165,Size decade,Judy Newman,Jazz,Happy
song_0166,Product themselves second,Jasmine Cummings,Pop,Energetic
song_0167,Spring himself,Hannah Rodriguez,Rock,Energetic
song_0168,This wish collection,Francisco Gillespie,Rock,Chill
song_0169,Board table change,Katie Parsons,Classical,Chill
song_0170,Include last,Natalie May,Classical,Happy
song_0171,Actually will author,Karen Lee,Pop,Happy
song_0172,Their indicate meeting,Andrew Jones,Rock,Happy
song_0173,Old might,David Lee,Jazz,Sad
song_0174,Stay identify across,Bradley Anderson,Hip-Hop,Sad
song_0175,Prevent,Amanda Williams,Pop,Energetic
song_0176,Old rather,Andrew Miranda,Jazz,Happy
song_0177,Us cold,Anna Schneider,Jazz,Sad
song_0178,Four activity,Charles Newton,Rock,Happy
song_0179,Organization care main,Shelly Sanders,Jazz,Chill
song_0180,Among,Carrie Anderson,Classical,Sad
song_0181,Score decide approach,Hayley Jensen,Rock,Sad
song_0182,Important hear,Jason Harmon,Rock,Chill
song_0183,Plan maybe,Sherry Hill,Pop,Sad
song_0184,Create,Aaron Copeland,Jazz,Chill
song_0185,They clear laugh,Stephen Ortega,Rock,Energetic
song_0186,Them always,Kimberly Murray,Rock,Happy
song_0187,Each concern generation grow,Brenda Collier,Hip-Hop,Happy
song_0188,Fund certain,Joshua Lopez,Hip-Hop,Sad
song_0189,Yes community ready,Brenda Lee,Rock,Chill
song_0190,Chair guy,Brandon Good,Jazz,Energetic
song_0191,Only establish level,Jeffrey Garcia,Rock,Sad
song_0192,Program reveal,Eric Rodriguez,Pop,Sad
song_0193,Down peace,Maria Scott,Hip-Hop,Energetic
song_0194,Media personal,Patty Johnson,Jazz,Happy
song_0195,Than employee,Mary Young,Jazz,Energetic
song_0196,Fact card,John Alvarez,Classical,Chill
song_0197,Certainly gun,Ashley Williams,Classical,Energetic
song_0198,We,Robert Bowman,Pop,Happy
song_0199,Order nature,Diana Brown,Jazz,Sad
song_0200,Bed particularly poor,Vicki Williams,Classical,Energetic
